-- phpMyAdmin SQL Dump
-- version 5.2.1
-- https://www.phpmyadmin.net/
--
-- Hôte : localhost
-- Généré le : sam. 03 jan. 2026 à 09:24
-- Version du serveur : 10.11.9-MariaDB-ubu2204
-- Version de PHP : 8.3.11

SET SQL_MODE = "NO_AUTO_VALUE_ON_ZERO";
START TRANSACTION;
SET time_zone = "+00:00";


/*!40101 SET @OLD_CHARACTER_SET_CLIENT=@@CHARACTER_SET_CLIENT */;
/*!40101 SET @OLD_CHARACTER_SET_RESULTS=@@CHARACTER_SET_RESULTS */;
/*!40101 SET @OLD_COLLATION_CONNECTION=@@COLLATION_CONNECTION */;
/*!40101 SET NAMES utf8mb4 */;

--
-- Base de données : `SPOTILIKE`
--

-- --------------------------------------------------------

--
-- Structure de la table `ALBUMS`
--

CREATE TABLE `ALBUMS` (
  `id_album` int(11) NOT NULL,
  `title` varchar(150) NOT NULL,
  `release_date` date DEFAULT NULL,
  `cover_art` varchar(255) DEFAULT NULL
) ENGINE=InnoDB DEFAULT CHARSET=utf8mb4 COLLATE=utf8mb4_general_ci;

--
-- Déchargement des données de la table `ALBUMS`
--

INSERT INTO `ALBUMS` (`id_album`, `title`, `release_date`, `cover_art`) VALUES
(1, 'Civilisation', '2021-11-19', 'civilisation.webp'),
(2, 'La fête est finie', '2017-10-20', 'la_fete_est_finie.webp'),
(3, 'Le chant des sirènes', '2011-09-26', 'le_chant_des_sirenes.webp'),
(4, 'Tako Tsubo', '2021-03-26', 'tako_tsubo.webp'),
(5, 'Matahari', '2018-03-02', 'matahari.webp'),
(6, 'Odyssée', '2015-10-12', 'odyssee.webp'),
(7, 'Abbey Road', '1969-09-26', 'abbey_road.webp'),
(8, 'Sgt. Pepper\'s Lonely Hearts Club Band', '1967-05-26', 'sgt_pepper.webp'),
(9, 'Revolver', '1966-08-05', 'revolver.webp'),
(11, 'La Vie de rêve', '2018-11-23', 'la_vie_de_reve.webp'),
(12, 'Les autres c\'est nous', '2022-06-24', 'les_autres_cest_nous.webp'),
(13, 'Homework', '1997-01-20', 'homework.webp'),
(14, 'Discovery', '2001-03-12', 'discovery.webp'),
(15, 'Human After All', '2005-03-14', 'human_after_all.webp'),
(16, 'Random Access Memories', '2013-05-17', 'random_access_memories.webp'),
(18, 'Wish You Were Here', '1975-09-12', 'wish_you_were_here.webp'),
(21, 'When We All Fall Asleep, Where Do We Go?', '2019-03-29', 'when_we_all_fall_asleep.webp'),
(22, 'Happier Than Ever', '2021-07-30', 'happier_than_ever.webp'),
(23, 'Hit Me Hard and Soft', '2024-05-17', 'hit_me_hard_and_soft.webp'),
(24, 'Back in Black', '1980-07-25', 'back_in_black.webp'),
(25, 'Alive 2007', '2007-11-19', 'alive_2007.webp'),
(26, 'Pulsar', '2024-06-07', 'pulsar.webp'),
(28, 'La Fuite en avant', '2025-11-07', 'la_fuite_en_avant.webp'),
(29, 'Graou', '2025-03-07', 'graou.webp'),
(30, 'Industry Plant', '2025-10-03', 'industry_plant.webp'),
(31, 'The Dark Side of the Moon', '1973-03-01', 'dark_side_of_the_moon.webp');

-- --------------------------------------------------------

--
-- Structure de la table `ARTISTS`
--

CREATE TABLE `ARTISTS` (
  `id_artist` int(11) NOT NULL,
  `name` varchar(100) NOT NULL,
  `avatar` varchar(255) DEFAULT NULL,
  `biography` text DEFAULT NULL,
  `date_of_birth` date DEFAULT NULL
) ENGINE=InnoDB DEFAULT CHARSET=utf8mb4 COLLATE=utf8mb4_general_ci;

--
-- Déchargement des données de la table `ARTISTS`
--

INSERT INTO `ARTISTS` (`id_artist`, `name`, `avatar`, `biography`, `date_of_birth`) VALUES
(1, 'Orelsan', 'orelsan.webp', 'Figure incontournable du rap français, Orelsan dépeint avec cynisme et lucidité le quotidien d\'une génération désabusée. De ses débuts avec les Casseurs Flowters à la consécration de \'Civilisation\', il a su faire évoluer son style, mêlant punchlines incisives et introspection. Ses textes, véritables chroniques sociales, sont portés par un flow unique et une capacité rare à raconter des histoires universelles.', '1982-08-01'),
(2, 'L\'Impératrice', 'imperatrice.webp', 'Ambassadeurs de l\'élégance à la française, L\'Impératrice distille une pop-disco sensuelle et mélancolique qui invite à la danse. Avec leurs sonorités vintage remises au goût du jour et une esthétique soignée, le groupe parisien a conquis le monde, notamment avec l\'album \'Tako Tsubo\'. Leur musique est un voyage cosmique entre groove implacable et synthétiseurs oniriques.', '2012-01-01'),
(3, 'The Beatles', 'beatles.webp', 'Groupe le plus influent de l\'histoire de la musique, The Beatles ont révolutionné la pop culture en moins d\'une décennie. Partis de Liverpool, John, Paul, George et Ringo ont fait évoluer le rock\'n\'roll vers des sommets artistiques inédits, expérimentant avec le psychédélisme et les arrangements orchestraux. Leur héritage, de \'Sgt. Pepper\' à \'Abbey Road\', reste intemporel.', '1960-01-01'),
(4, 'Bigflo & Oli', 'bigflo_oli.webp', 'Les frères toulousains Florian et Olivio, alias Bigflo & Oli, ont conquis le public avec un rap narratif, technique et accessible. Loin des clichés du gangsta rap, ils abordent des thèmes familiaux et sociétaux avec une sincérité désarmante et une énergie scénique contagieuse. Leur ascension fulgurante les a menés des conservatoires aux plus grands stades de France.', '1993-01-22'),
(5, 'Daft Punk', 'daft_punk.webp', 'Pionniers de la French Touch, Daft Punk a caché son humanité sous des casques de robots pour mieux humaniser la musique électronique. De \'Homework\' à l\'ultime \'Random Access Memories\', Thomas Bangalter et Guy-Manuel de Homem-Christo ont fusionné house, disco et rock. Leur œuvre, marquée par le mystère et l\'excellence, a laissé une empreinte indélébile sur la pop mondiale.', '1993-01-01'),
(6, 'Pink Floyd', 'pink_floyd.webp', 'Architectes du rock progressif, Pink Floyd est célèbre pour ses albums concepts philosophiques et ses expérimentations sonores audacieuses. Porté par les visions de Roger Waters et la guitare de David Gilmour, le groupe a créé des œuvres monumentales comme \'The Dark Side of the Moon\'. Leurs concerts spectaculaires et leurs pochettes surréalistes ont défini l\'esthétique des années 70.', '1965-01-01'),
(7, 'U2', 'u2.webp', 'Porté par la voix charismatique de Bono et la guitare texturée de The Edge, U2 est l\'un des plus grands groupes de rock de stade au monde. Originaires de Dublin, ils ont su marier hymnes épiques et engagement politique, traversant les décennies avec succès. De l\'énergie post-punk de \'War\' aux textures de \'Achtung Baby\', ils n\'ont cessé de se réinventer.', '1976-09-25'),
(8, 'Billie Eilish', 'billie_eilish.webp', 'Phénomène mondial de la pop alternative, Billie Eilish a bousculé les codes avec sa voix murmurée et ses productions minimalistes et sombres. En collaboration avec son frère Finneas, elle explore les angoisses de la jeunesse moderne avec une maturité déconcertante. Son style unique, à la fois vulnérable et provocateur, en a fait l\'icône de toute une génération.', '2001-12-18'),
(9, 'AC/DC', 'acdc.webp', 'Légendes absolues du hard rock, les australiens d\'AC/DC font trembler les stades depuis les années 70 avec leurs riffs électrisants. Reconnaissables entre mille grâce à l\'uniforme d\'écolier d\'Angus Young et une énergie brute, ils ont signé des hymnes planétaires comme \'Back in Black\'. Leur musique, simple et puissante, incarne l\'essence même du rock\'n\'roll.', '1973-11-01'),
(10, 'Miki', 'miki.webp', 'Miki, nom de scène de Mikaela Helena Duplay, est une autrice-compositrice-interprète franco-coréenne née le 6 novembre 1998 à Nice. Elle produit elle-même sa musique, mêlant pop électronique, rap et électro, avec une esthétique oscillant entre naïveté et vice.', '1998-11-06'),
(11, 'Arctic Monkeys', 'arctic_monkeys.webp', 'Groupe de rock britannique formé à Sheffield, Arctic Monkeys s’est imposé avec un son mêlant rock garage, indie et influences psychédéliques. Connus pour leurs textes incisifs et leur évolution stylistique constante, ils sont l’un des groupes majeurs des années 2000.', '2002-01-01'),
(12, 'Pharrell Williams', 'pharrell_williams.webp', 'Artiste, producteur et compositeur américain, Pharrell Williams est une figure centrale de la pop et du hip-hop contemporain. Membre du duo The Neptunes, il a façonné le son de nombreux artistes tout en menant une carrière solo à succès.', '1973-04-05'),
(13, 'Tame Impala', 'tame_impala.webp', 'Projet musical psychédélique mené par Kevin Parker, Tame Impala mêle rock, pop et musique électronique. Reconnu pour son univers sonore immersif, le projet a profondément marqué la scène alternative moderne.', '2007-01-01'),
(14, 'Angèle', 'angele.webp', 'Auteure-compositrice-interprète belge, Angèle s’impose avec une pop moderne mêlant synthés, humour et introspection. Ses textes abordent des thèmes sociaux et personnels avec une grande accessibilité.', '1995-12-03'),
(15, 'Dua Lipa', 'dua_lipa.webp', 'Chanteuse britannique de pop et dance-pop, Dua Lipa s’est rapidement imposée sur la scène internationale. Son style mêle influences disco modernes et pop électronique affirmée.', '1995-08-22'),
(16, 'Parcels', 'parcels.webp', 'Groupe australien formé à Byron Bay, Parcels fusionne funk, disco, pop et électro. Leur musique lumineuse et groovy leur a valu une reconnaissance internationale.', '2014-01-01'),
(17, 'Michel Berger', 'michel_berger.webp', 'Auteur-compositeur-interprète français emblématique, Michel Berger a marqué la chanson française par ses compositions sensibles et mélodiques. Il est également connu pour ses collaborations et comédies musicales.', '1947-11-28'),
(18, 'Eminem', 'eminem.webp', 'Rappeur américain parmi les plus influents de l’histoire du hip-hop, Eminem est reconnu pour sa technique, ses textes introspectifs et provocateurs. Il a profondément marqué la culture musicale mondiale.', '1972-10-17'),
(19, 'Doja Cat', 'doja_cat.webp', 'Artiste américaine mêlant rap, pop et R&B, Doja Cat se distingue par sa créativité visuelle et musicale. Elle navigue entre hits viraux et expérimentations artistiques.', '1995-10-21'),
(20, 'Sabrina Carpenter', 'sabrina_carpenter.webp', 'Chanteuse et actrice américaine, Sabrina Carpenter développe une pop moderne aux influences R&B. Elle s’impose progressivement comme une figure majeure de la pop générationnelle.', '1999-05-11'),
(21, 'Kungs', 'kungs.webp', 'DJ et producteur français de musique électronique, Kungs s’est fait connaître avec une house accessible et ensoleillée. Il est l’un des artistes électro français les plus diffusés à l’international.', '1996-12-17'),
(22, 'Imagine Dragons', 'imagine_dragons.webp', 'Groupe de rock alternatif américain, Imagine Dragons mélange rock, pop et éléments électroniques. Leurs hymnes épiques et émotionnels leur ont valu un succès mondial.', '2008-01-01'),
(23, 'Myd', 'myd.webp', 'Producteur et musicien français, membre du collectif Ed Banger, Myd explore une électro pop ludique et chaleureuse. Son univers mêle groove, humour et mélodies accrocheuses.', '1991-04-24'),
(24, 'Vald', 'vald.webp', 'Rappeur français connu pour son style provocateur et son autodérision, Vald explore des thèmes variés entre satire sociale et introspection. Il est l’une des figures marquantes du rap français contemporain.', '1992-07-15'),
(25, 'David Guetta', 'david_guetta.webp', 'DJ et producteur français de renommée mondiale, David Guetta a popularisé l’EDM auprès du grand public. Il collabore avec de nombreux artistes internationaux et domine les scènes électroniques.', '1967-11-07');

-- --------------------------------------------------------

--
-- Structure de la table `CLASSIFIES`
--

CREATE TABLE `CLASSIFIES` (
  `id_genre` int(11) NOT NULL,
  `id_track` int(11) NOT NULL
) ENGINE=InnoDB DEFAULT CHARSET=utf8mb4 COLLATE=utf8mb4_general_ci;

--
-- Déchargement des données de la table `CLASSIFIES`
--

INSERT INTO `CLASSIFIES` (`id_genre`, `id_track`) VALUES
(1, 1),
(1, 2),
(1, 3),
(1, 4),
(1, 5),
(1, 6),
(1, 7),
(1, 8),
(1, 9),
(1, 10),
(1, 11),
(1, 12),
(1, 13),
(1, 14),
(1, 15),
(1, 16),
(1, 17),
(1, 18),
(1, 19),
(1, 20),
(1, 21),
(1, 22),
(1, 23),
(1, 24),
(1, 25),
(1, 26),
(1, 27),
(1, 28),
(1, 29),
(1, 30),
(1, 31),
(1, 32),
(1, 33),
(1, 34),
(1, 35),
(1, 36),
(1, 37),
(1, 38),
(1, 39),
(1, 40),
(1, 41),
(1, 42),
(1, 43),
(1, 44),
(1, 45),
(1, 135),
(1, 136),
(1, 137),
(1, 138),
(1, 139),
(1, 140),
(1, 141),
(1, 142),
(1, 143),
(1, 144),
(1, 145),
(1, 146),
(1, 147),
(1, 148),
(1, 149),
(1, 150),
(1, 151),
(1, 152),
(1, 153),
(1, 154),
(1, 155),
(1, 156),
(1, 157),
(1, 158),
(1, 159),
(1, 160),
(1, 161),
(1, 162),
(1, 163),
(1, 164),
(1, 165),
(1, 166),
(1, 167),
(1, 168),
(1, 169),
(1, 348),
(1, 349),
(1, 350),
(1, 351),
(1, 352),
(1, 353),
(1, 354),
(1, 355),
(1, 356),
(1, 357),
(1, 358),
(1, 359),
(1, 360),
(1, 361),
(1, 362),
(1, 363),
(1, 364),
(2, 46),
(2, 47),
(2, 48),
(2, 49),
(2, 50),
(2, 51),
(2, 52),
(2, 53),
(2, 54),
(2, 55),
(2, 56),
(2, 57),
(2, 58),
(2, 59),
(2, 60),
(2, 61),
(2, 62),
(2, 63),
(2, 64),
(2, 65),
(2, 66),
(2, 67),
(2, 68),
(2, 69),
(2, 70),
(2, 71),
(2, 72),
(2, 73),
(2, 74),
(2, 75),
(2, 186),
(2, 188),
(2, 214),
(2, 217),
(2, 262),
(2, 270),
(2, 279),
(2, 324),
(2, 325),
(2, 326),
(2, 327),
(2, 328),
(2, 329),
(2, 330),
(2, 331),
(2, 332),
(2, 333),
(2, 373),
(2, 374),
(2, 375),
(2, 376),
(2, 377),
(2, 378),
(2, 379),
(2, 380),
(2, 381),
(2, 382),
(2, 383),
(2, 384),
(2, 385),
(2, 386),
(2, 387),
(2, 388),
(2, 389),
(2, 390),
(2, 391),
(2, 392),
(2, 393),
(3, 76),
(3, 77),
(3, 78),
(3, 79),
(3, 80),
(3, 81),
(3, 82),
(3, 83),
(3, 84),
(3, 85),
(3, 86),
(3, 87),
(3, 88),
(3, 89),
(3, 90),
(3, 91),
(3, 92),
(3, 93),
(3, 94),
(3, 95),
(3, 96),
(3, 97),
(3, 98),
(3, 99),
(3, 100),
(3, 101),
(3, 102),
(3, 103),
(3, 104),
(3, 105),
(3, 106),
(3, 107),
(3, 108),
(3, 109),
(3, 110),
(3, 111),
(3, 112),
(3, 113),
(3, 114),
(3, 115),
(3, 116),
(3, 117),
(3, 118),
(3, 119),
(3, 301),
(3, 302),
(3, 303),
(3, 304),
(3, 305),
(3, 306),
(3, 307),
(3, 308),
(3, 309),
(3, 310),
(3, 394),
(3, 395),
(3, 396),
(3, 397),
(3, 398),
(3, 399),
(3, 400),
(3, 401),
(3, 402),
(3, 403),
(4, 170),
(4, 171),
(4, 172),
(4, 173),
(4, 174),
(4, 175),
(4, 176),
(4, 177),
(4, 178),
(4, 179),
(4, 180),
(4, 181),
(4, 182),
(4, 183),
(4, 184),
(4, 185),
(4, 186),
(4, 187),
(4, 188),
(4, 189),
(4, 190),
(4, 191),
(4, 192),
(4, 193),
(4, 194),
(4, 195),
(4, 196),
(4, 197),
(4, 198),
(4, 199),
(4, 200),
(4, 201),
(4, 202),
(4, 203),
(4, 204),
(4, 205),
(4, 206),
(4, 207),
(4, 208),
(4, 209),
(4, 210),
(4, 211),
(4, 212),
(4, 213),
(4, 214),
(4, 215),
(4, 216),
(4, 217),
(4, 218),
(4, 219),
(4, 220),
(4, 221),
(4, 222),
(4, 311),
(4, 312),
(4, 313),
(4, 314),
(4, 315),
(4, 316),
(4, 317),
(4, 318),
(4, 319),
(4, 320),
(4, 321),
(4, 322),
(4, 323),
(5, 233),
(5, 234),
(5, 235),
(5, 236),
(5, 237),
(6, 76),
(6, 77),
(6, 82),
(6, 93),
(6, 95),
(6, 107),
(6, 111),
(7, 261),
(7, 262),
(7, 263),
(7, 264),
(7, 265),
(7, 266),
(7, 267),
(7, 268),
(7, 269),
(7, 270),
(7, 271),
(7, 272),
(7, 273),
(7, 274),
(7, 275),
(7, 276),
(7, 277),
(7, 278),
(7, 279),
(7, 280),
(7, 281),
(7, 282),
(7, 283),
(7, 284),
(7, 285),
(7, 286),
(7, 287),
(7, 288),
(7, 289),
(7, 290),
(7, 291),
(7, 292),
(7, 293),
(7, 294),
(7, 295),
(7, 296),
(7, 297),
(7, 298),
(7, 299),
(7, 300),
(7, 373),
(7, 375),
(8, 301),
(8, 302),
(8, 303),
(8, 304),
(8, 305),
(8, 306),
(8, 307),
(8, 308),
(8, 309),
(8, 310),
(9, 74);

-- --------------------------------------------------------

--
-- Structure de la table `CONTAINS`
--

CREATE TABLE `CONTAINS` (
  `id_album` int(11) NOT NULL,
  `id_track` int(11) NOT NULL
) ENGINE=InnoDB DEFAULT CHARSET=utf8mb4 COLLATE=utf8mb4_general_ci;

--
-- Déchargement des données de la table `CONTAINS`
--

INSERT INTO `CONTAINS` (`id_album`, `id_track`) VALUES
(1, 1),
(1, 2),
(1, 3),
(1, 4),
(1, 5),
(1, 6),
(1, 7),
(1, 8),
(1, 9),
(1, 10),
(1, 11),
(1, 12),
(1, 13),
(1, 14),
(1, 15),
(2, 16),
(2, 17),
(2, 18),
(2, 19),
(2, 20),
(2, 21),
(2, 22),
(2, 23),
(2, 24),
(2, 25),
(2, 26),
(2, 27),
(2, 28),
(2, 29),
(3, 30),
(3, 31),
(3, 32),
(3, 33),
(3, 34),
(3, 35),
(3, 36),
(3, 37),
(3, 38),
(3, 39),
(3, 40),
(3, 41),
(3, 42),
(3, 43),
(3, 44),
(3, 45),
(4, 46),
(4, 47),
(4, 48),
(4, 49),
(4, 50),
(4, 51),
(4, 52),
(4, 53),
(4, 54),
(4, 55),
(4, 56),
(4, 57),
(4, 58),
(5, 59),
(5, 60),
(5, 61),
(5, 62),
(5, 63),
(5, 64),
(5, 65),
(5, 66),
(5, 67),
(5, 68),
(5, 69),
(6, 70),
(6, 71),
(6, 72),
(6, 73),
(6, 74),
(6, 75),
(7, 76),
(7, 77),
(7, 78),
(7, 79),
(7, 80),
(7, 81),
(7, 82),
(7, 83),
(7, 84),
(7, 85),
(7, 86),
(7, 87),
(7, 88),
(7, 89),
(7, 90),
(7, 91),
(7, 92),
(8, 93),
(8, 94),
(8, 95),
(8, 96),
(8, 97),
(8, 98),
(8, 99),
(8, 100),
(8, 101),
(8, 102),
(8, 103),
(8, 104),
(8, 105),
(9, 106),
(9, 107),
(9, 108),
(9, 109),
(9, 110),
(9, 111),
(9, 112),
(9, 113),
(9, 114),
(9, 115),
(9, 116),
(9, 117),
(9, 118),
(9, 119),
(11, 135),
(11, 136),
(11, 137),
(11, 138),
(11, 139),
(11, 140),
(11, 141),
(11, 142),
(11, 143),
(11, 144),
(11, 145),
(11, 146),
(11, 147),
(11, 148),
(11, 149),
(12, 150),
(12, 151),
(12, 152),
(12, 153),
(12, 154),
(12, 155),
(12, 156),
(12, 157),
(12, 158),
(12, 159),
(12, 160),
(12, 161),
(12, 162),
(12, 163),
(12, 164),
(12, 165),
(12, 166),
(12, 167),
(12, 168),
(12, 169),
(13, 170),
(13, 171),
(13, 172),
(13, 173),
(13, 174),
(13, 175),
(13, 176),
(13, 177),
(13, 178),
(13, 179),
(13, 180),
(13, 181),
(13, 182),
(13, 183),
(13, 184),
(13, 185),
(14, 186),
(14, 187),
(14, 188),
(14, 189),
(14, 190),
(14, 191),
(14, 192),
(14, 193),
(14, 194),
(14, 195),
(14, 196),
(14, 197),
(14, 198),
(14, 199),
(15, 200),
(15, 201),
(15, 202),
(15, 203),
(15, 204),
(15, 205),
(15, 206),
(15, 207),
(15, 208),
(15, 209),
(16, 210),
(16, 211),
(16, 212),
(16, 213),
(16, 214),
(16, 215),
(16, 216),
(16, 217),
(16, 218),
(16, 219),
(16, 220),
(16, 221),
(16, 222),
(18, 233),
(18, 234),
(18, 235),
(18, 236),
(18, 237),
(21, 261),
(21, 262),
(21, 263),
(21, 264),
(21, 265),
(21, 266),
(21, 267),
(21, 268),
(21, 269),
(21, 270),
(21, 271),
(21, 272),
(21, 273),
(21, 274),
(22, 275),
(22, 276),
(22, 277),
(22, 278),
(22, 279),
(22, 280),
(22, 281),
(22, 282),
(22, 283),
(22, 284),
(22, 285),
(22, 286),
(22, 287),
(22, 288),
(22, 289),
(22, 290),
(23, 291),
(23, 292),
(23, 293),
(23, 294),
(23, 295),
(23, 296),
(23, 297),
(23, 298),
(23, 299),
(23, 300),
(24, 301),
(24, 302),
(24, 303),
(24, 304),
(24, 305),
(24, 306),
(24, 307),
(24, 308),
(24, 309),
(24, 310),
(25, 311),
(25, 312),
(25, 313),
(25, 314),
(25, 315),
(25, 316),
(25, 317),
(25, 318),
(25, 319),
(25, 320),
(25, 321),
(25, 322),
(25, 323),
(26, 324),
(26, 325),
(26, 326),
(26, 327),
(26, 328),
(26, 329),
(26, 330),
(26, 331),
(26, 332),
(26, 333),
(28, 348),
(28, 349),
(28, 350),
(28, 351),
(28, 352),
(28, 353),
(28, 354),
(28, 355),
(28, 356),
(28, 357),
(28, 358),
(28, 359),
(28, 360),
(28, 361),
(28, 362),
(28, 363),
(28, 364),
(29, 373),
(29, 374),
(29, 375),
(29, 376),
(29, 377),
(29, 378),
(29, 379),
(30, 380),
(30, 381),
(30, 382),
(30, 383),
(30, 384),
(30, 385),
(30, 386),
(30, 387),
(30, 388),
(30, 389),
(30, 390),
(30, 391),
(30, 392),
(30, 393),
(31, 394),
(31, 395),
(31, 396),
(31, 397),
(31, 398),
(31, 399),
(31, 400),
(31, 401),
(31, 402),
(31, 403);

-- --------------------------------------------------------

--
-- Structure de la table `CREATES`
--

CREATE TABLE `CREATES` (
  `id_artist` int(11) NOT NULL,
  `id_album` int(11) NOT NULL
) ENGINE=InnoDB DEFAULT CHARSET=utf8mb4 COLLATE=utf8mb4_general_ci;

--
-- Déchargement des données de la table `CREATES`
--

INSERT INTO `CREATES` (`id_artist`, `id_album`) VALUES
(1, 1),
(1, 2),
(1, 3),
(1, 28),
(2, 4),
(2, 5),
(2, 6),
(2, 26),
(3, 7),
(3, 8),
(3, 9),
(4, 11),
(4, 12),
(5, 13),
(5, 14),
(5, 15),
(5, 16),
(5, 25),
(6, 18),
(6, 31),
(8, 21),
(8, 22),
(8, 23),
(9, 24),
(10, 29),
(10, 30);

-- --------------------------------------------------------

--
-- Structure de la table `GENRES`
--

CREATE TABLE `GENRES` (
  `id_genre` int(11) NOT NULL,
  `title` varchar(100) NOT NULL,
  `description` text DEFAULT NULL
) ENGINE=InnoDB DEFAULT CHARSET=utf8mb4 COLLATE=utf8mb4_general_ci;

--
-- Déchargement des données de la table `GENRES`
--

INSERT INTO `GENRES` (`id_genre`, `title`, `description`) VALUES
(1, 'Rap', 'Hip-Hop et Rap Français'),
(2, 'Electro-Pop', 'French Touch, Disco et Pop moderne'),
(3, 'Rock', 'Rock britannique, Pop Rock et Psychédélique'),
(4, 'French House', 'House music, French Touch et Electronic'),
(5, 'Progressive Rock', 'Rock expérimental, planant et psychédélique'),
(6, 'Pop Rock', 'Rock grand public et hymnes de stade'),
(7, 'Alt-Pop', 'Pop alternative, sombre et électro-minimaliste'),
(8, 'Hard Rock', 'Hard Rock, Blues Rock et Heavy Metal'),
(9, 'Acoustic', 'Acoustic instruments');

-- --------------------------------------------------------

--
-- Structure de la table `PERFORMS`
--

CREATE TABLE `PERFORMS` (
  `id_artist` int(11) NOT NULL,
  `id_track` int(11) NOT NULL,
  `is_main_artist` tinyint(1) DEFAULT 1
) ENGINE=InnoDB DEFAULT CHARSET=utf8mb4 COLLATE=utf8mb4_general_ci;

--
-- Déchargement des données de la table `PERFORMS`
--

INSERT INTO `PERFORMS` (`id_artist`, `id_track`, `is_main_artist`) VALUES
(1, 1, 1),
(1, 2, 1),
(1, 3, 1),
(1, 4, 1),
(1, 5, 1),
(1, 6, 1),
(1, 7, 1),
(1, 8, 1),
(1, 9, 1),
(1, 10, 1),
(1, 11, 1),
(1, 12, 1),
(1, 13, 1),
(1, 14, 1),
(1, 15, 1),
(1, 16, 1),
(1, 17, 1),
(1, 18, 1),
(1, 19, 1),
(1, 20, 1),
(1, 21, 1),
(1, 22, 1),
(1, 23, 1),
(1, 24, 1),
(1, 25, 1),
(1, 26, 1),
(1, 27, 1),
(1, 28, 1),
(1, 29, 1),
(1, 30, 1),
(1, 31, 1),
(1, 32, 1),
(1, 33, 1),
(1, 34, 1),
(1, 35, 1),
(1, 36, 1),
(1, 37, 1),
(1, 38, 1),
(1, 39, 1),
(1, 40, 1),
(1, 41, 1),
(1, 42, 1),
(1, 43, 1),
(1, 44, 1),
(1, 45, 1),
(1, 348, 1),
(1, 349, 1),
(1, 350, 1),
(1, 351, 1),
(1, 352, 1),
(1, 353, 1),
(1, 354, 1),
(1, 355, 1),
(1, 356, 1),
(1, 357, 1),
(1, 358, 1),
(1, 359, 1),
(1, 360, 1),
(1, 361, 1),
(1, 362, 1),
(1, 363, 1),
(1, 364, 1),
(1, 371, 1),
(1, 372, 1),
(2, 46, 1),
(2, 47, 1),
(2, 48, 1),
(2, 49, 1),
(2, 50, 1),
(2, 51, 1),
(2, 52, 1),
(2, 53, 1),
(2, 54, 1),
(2, 55, 1),
(2, 56, 1),
(2, 57, 1),
(2, 58, 1),
(2, 59, 1),
(2, 60, 1),
(2, 61, 1),
(2, 62, 1),
(2, 63, 1),
(2, 64, 1),
(2, 65, 1),
(2, 66, 1),
(2, 67, 1),
(2, 68, 1),
(2, 69, 1),
(2, 70, 1),
(2, 71, 1),
(2, 72, 1),
(2, 73, 1),
(2, 74, 1),
(2, 75, 1),
(2, 324, 1),
(2, 325, 1),
(2, 326, 1),
(2, 327, 1),
(2, 328, 1),
(2, 329, 1),
(2, 330, 1),
(2, 331, 1),
(2, 332, 1),
(2, 333, 1),
(3, 76, 1),
(3, 77, 1),
(3, 78, 1),
(3, 79, 1),
(3, 80, 1),
(3, 81, 1),
(3, 82, 1),
(3, 83, 1),
(3, 84, 1),
(3, 85, 1),
(3, 86, 1),
(3, 87, 1),
(3, 88, 1),
(3, 89, 1),
(3, 90, 1),
(3, 91, 1),
(3, 92, 1),
(3, 93, 1),
(3, 94, 1),
(3, 95, 1),
(3, 96, 1),
(3, 97, 1),
(3, 98, 1),
(3, 99, 1),
(3, 100, 1),
(3, 101, 1),
(3, 102, 1),
(3, 103, 1),
(3, 104, 1),
(3, 105, 1),
(3, 106, 1),
(3, 107, 1),
(3, 108, 1),
(3, 109, 1),
(3, 110, 1),
(3, 111, 1),
(3, 112, 1),
(3, 113, 1),
(3, 114, 1),
(3, 115, 1),
(3, 116, 1),
(3, 117, 1),
(3, 118, 1),
(3, 119, 1),
(4, 135, 1),
(4, 136, 1),
(4, 137, 1),
(4, 138, 1),
(4, 139, 1),
(4, 140, 1),
(4, 141, 1),
(4, 142, 1),
(4, 143, 1),
(4, 144, 1),
(4, 145, 1),
(4, 146, 1),
(4, 147, 1),
(4, 148, 1),
(4, 149, 1),
(4, 150, 1),
(4, 151, 1),
(4, 152, 1),
(4, 153, 1),
(4, 154, 1),
(4, 155, 1),
(4, 156, 1),
(4, 157, 1),
(4, 158, 1),
(4, 159, 1),
(4, 160, 1),
(4, 161, 1),
(4, 162, 1),
(4, 163, 1),
(4, 164, 1),
(4, 165, 1),
(4, 166, 1),
(4, 167, 1),
(4, 168, 1),
(4, 169, 1),
(5, 170, 1),
(5, 171, 1),
(5, 172, 1),
(5, 173, 1),
(5, 174, 1),
(5, 175, 1),
(5, 176, 1),
(5, 177, 1),
(5, 178, 1),
(5, 179, 1),
(5, 180, 1),
(5, 181, 1),
(5, 182, 1),
(5, 183, 1),
(5, 184, 1),
(5, 185, 1),
(5, 186, 1),
(5, 187, 1),
(5, 188, 1),
(5, 189, 1),
(5, 190, 1),
(5, 191, 1),
(5, 192, 1),
(5, 193, 1),
(5, 194, 1),
(5, 195, 1),
(5, 196, 1),
(5, 197, 1),
(5, 198, 1),
(5, 199, 1),
(5, 200, 1),
(5, 201, 1),
(5, 202, 1),
(5, 203, 1),
(5, 204, 1),
(5, 205, 1),
(5, 206, 1),
(5, 207, 1),
(5, 208, 1),
(5, 209, 1),
(5, 210, 1),
(5, 211, 1),
(5, 212, 1),
(5, 213, 1),
(5, 214, 1),
(5, 215, 1),
(5, 216, 1),
(5, 217, 1),
(5, 218, 1),
(5, 219, 1),
(5, 220, 1),
(5, 221, 1),
(5, 222, 1),
(5, 311, 1),
(5, 312, 1),
(5, 313, 1),
(5, 314, 1),
(5, 315, 1),
(5, 316, 1),
(5, 317, 1),
(5, 318, 1),
(5, 319, 1),
(5, 320, 1),
(5, 321, 1),
(5, 322, 1),
(5, 323, 1),
(5, 364, 0),
(6, 233, 1),
(6, 234, 1),
(6, 235, 1),
(6, 236, 1),
(6, 237, 1),
(6, 394, 1),
(6, 395, 1),
(6, 396, 1),
(6, 397, 1),
(6, 398, 1),
(6, 399, 1),
(6, 400, 1),
(6, 401, 1),
(6, 402, 1),
(6, 403, 1),
(8, 261, 1),
(8, 262, 1),
(8, 263, 1),
(8, 264, 1),
(8, 265, 1),
(8, 266, 1),
(8, 267, 1),
(8, 268, 1),
(8, 269, 1),
(8, 270, 1),
(8, 271, 1),
(8, 272, 1),
(8, 273, 1),
(8, 274, 1),
(8, 275, 1),
(8, 276, 1),
(8, 277, 1),
(8, 278, 1),
(8, 279, 1),
(8, 280, 1),
(8, 281, 1),
(8, 282, 1),
(8, 283, 1),
(8, 284, 1),
(8, 285, 1),
(8, 286, 1),
(8, 287, 1),
(8, 288, 1),
(8, 289, 1),
(8, 290, 1),
(8, 291, 1),
(8, 292, 1),
(8, 293, 1),
(8, 294, 1),
(8, 295, 1),
(8, 296, 1),
(8, 297, 1),
(8, 298, 1),
(8, 299, 1),
(8, 300, 1),
(9, 301, 1),
(9, 302, 1),
(9, 303, 1),
(9, 304, 1),
(9, 305, 1),
(9, 306, 1),
(9, 307, 1),
(9, 308, 1),
(9, 309, 1),
(9, 310, 1),
(10, 373, 1),
(10, 374, 1),
(10, 375, 1),
(10, 376, 1),
(10, 377, 1),
(10, 378, 1),
(10, 379, 1),
(10, 380, 1),
(10, 381, 1),
(10, 382, 1),
(10, 383, 1),
(10, 384, 1),
(10, 385, 1),
(10, 386, 1),
(10, 387, 1),
(10, 388, 1),
(10, 389, 1),
(10, 390, 1),
(10, 391, 1),
(10, 392, 1),
(10, 393, 1);

-- --------------------------------------------------------

--
-- Structure de la table `PICTURES`
--

CREATE TABLE `PICTURES` (
  `id_picture` int(11) NOT NULL,
  `filename` varchar(255) NOT NULL,
  `label` varchar(100) DEFAULT NULL,
  `id_track` int(11) DEFAULT NULL,
  `id_album` int(11) DEFAULT NULL,
  `id_artist` int(11) DEFAULT NULL
) ENGINE=InnoDB DEFAULT CHARSET=utf8mb4 COLLATE=utf8mb4_general_ci;

--
-- Déchargement des données de la table `PICTURES`
--

INSERT INTO `PICTURES` (`id_picture`, `filename`, `label`, `id_track`, `id_album`, `id_artist`) VALUES
(1, 'orelsan.webp', 'Avatar Orelsan', NULL, NULL, 1),
(2, 'civilisation.webp', 'Cover Civilisation', NULL, 1, NULL),
(3, 'la_fete_est_finie.webp', 'Cover La Fête est Finie', NULL, 2, NULL),
(4, 'le_chant_des_sirenes.webp', 'Cover Le Chant des Sirènes', NULL, 3, NULL),
(5, 'imperatrice.webp', 'Avatar Imperatrice', NULL, NULL, 2),
(6, 'tako_tsubo.webp', 'Cover Tako Tsubo', NULL, 4, NULL),
(7, 'matahari.webp', 'Cover Matahari', NULL, 5, NULL),
(8, 'odyssee.webp', 'Cover Odyssee', NULL, 6, NULL),
(9, 'beatles.webp', 'Avatar The Beatles', NULL, NULL, 3),
(10, 'abbey_road.webp', 'Cover Abbey Road', NULL, 7, NULL),
(11, 'sgt_pepper.webp', 'Cover Sgt Pepper', NULL, 8, NULL),
(12, 'revolver.webp', 'Cover Revolver', NULL, 9, NULL),
(13, 'bigflo_oli.webp', 'Avatar Bigflo & Oli', NULL, NULL, 4),
(15, 'la_vie_de_reve.webp', 'Cover La Vie de Rêve', NULL, 11, NULL),
(16, 'les_autres_cest_nous.webp', 'Cover Les Autres C\'est Nous', NULL, 12, NULL),
(17, 'daft_punk.webp', 'Avatar Daft Punk', NULL, NULL, 5),
(18, 'homework.webp', 'Cover Homework', NULL, 13, NULL),
(19, 'discovery.webp', 'Cover Discovery', NULL, 14, NULL),
(20, 'human_after_all.webp', 'Cover Human After All', NULL, 15, NULL),
(21, 'random_access_memories.webp', 'Cover Random Access Memories', NULL, 16, NULL),
(22, 'pink_floyd.webp', 'Avatar Pink Floyd', NULL, NULL, 6),
(23, 'u2.webp', 'Avatar U2', NULL, NULL, 7),
(24, 'billie_eilish.webp', 'Avatar Billie Eilish', NULL, NULL, 8),
(26, 'wish_you_were_here.webp', 'Cover Wish You Were Here', NULL, 18, NULL),
(29, 'when_we_all_fall_asleep.webp', 'Cover WWAFAWDWG', NULL, 21, NULL),
(30, 'happier_than_ever.webp', 'Cover Happier Than Ever', NULL, 22, NULL),
(31, 'hit_me_hard_and_soft.webp', 'Cover HMHAS', NULL, 23, NULL),
(32, 'acdc.webp', 'Avatar AC/DC', NULL, NULL, 9),
(33, 'back_in_black.webp', 'Cover Back in Black', NULL, 24, NULL),
(34, 'alive_2007.webp', 'Cover Alive 2007', NULL, 25, NULL),
(35, 'pulsar.webp', 'Cover Pulsar', NULL, 26, NULL),
(36, 'la_fuite_en_avant.webp', 'Cover La Fuite en avant', NULL, 28, NULL);

-- --------------------------------------------------------

--
-- Structure de la table `TRACKS`
--

CREATE TABLE `TRACKS` (
  `id_track` int(11) NOT NULL,
  `title` varchar(150) NOT NULL,
  `duration` int(11) DEFAULT 0 COMMENT 'Duration in seconds'
) ENGINE=InnoDB DEFAULT CHARSET=utf8mb4 COLLATE=utf8mb4_general_ci;

--
-- Déchargement des données de la table `TRACKS`
--

INSERT INTO `TRACKS` (`id_track`, `title`, `duration`) VALUES
(1, 'Shonen', 153),
(2, 'La Quête', 244),
(3, 'Du propre', 228),
(4, 'Bébéboa', 182),
(5, 'Rêve mieux', 224),
(6, 'Seul avec du monde autour', 208),
(7, 'Manifeste', 436),
(8, 'L\'odeur de l\'essence', 282),
(9, 'Jour meilleur', 183),
(10, 'Baise le monde', 225),
(11, 'Casseurs Flowters Infinity', 188),
(12, 'Dernier verre', 203),
(13, 'Ensemble', 282),
(14, 'Athéna', 172),
(15, 'Civilisation', 248),
(16, 'San', 242),
(17, 'La fête est finie', 217),
(18, 'Basique', 163),
(19, 'Tout va bien', 149),
(20, 'Défaite de famille', 223),
(21, 'La lumière', 193),
(22, 'Bonne meuf', 196),
(23, 'Quand est-ce que ça s\'arrête', 238),
(24, 'Christophe', 168),
(25, 'Zone', 287),
(26, 'Dans ma ville, on traîne', 241),
(27, 'La pluie', 175),
(28, 'Paradis', 228),
(29, 'Notes pour trop tard', 454),
(30, 'Raelsan', 256),
(31, 'Le chant des sirènes', 347),
(32, 'Plus rien ne m\'étonne', 216),
(33, 'Mauvaise idée', 198),
(34, 'Double vie', 206),
(35, 'Finir mal', 242),
(36, 'Si seul', 231),
(37, 'Des trous dans la tête', 211),
(38, 'La petite marchande de porte-clés', 237),
(39, 'La terre est ronde', 219),
(40, '1990', 48),
(41, '2010', 152),
(42, 'Elle viendra quand même', 241),
(43, 'Suicide social', 327),
(44, 'Saint-Valentin', 316),
(45, 'Ils sont cools', 217),
(46, 'Anomalie bleue', 230),
(47, 'Fou', 256),
(48, 'Hématome', 218),
(49, 'Submarine', 222),
(50, 'L\'équilibriste', 250),
(51, 'Off to the Side', 258),
(52, 'Peur des filles', 208),
(53, 'Souffle au cœur', 226),
(54, 'Tako Tsubo', 270),
(55, 'Voodoo?', 240),
(56, 'Digital Sunset', 230),
(57, 'Tombée pour la scène', 215),
(58, 'Tant d\'amour perdu', 220),
(59, 'Erreur 404', 213),
(60, 'Matahari', 246),
(61, 'Vacances', 250),
(62, 'Paris', 242),
(63, 'Dream Machine', 238),
(64, 'Balade fantôme', 215),
(65, 'Masques', 205),
(66, 'Ma Starlight', 218),
(67, 'Entre-deux', 202),
(68, 'La Lune', 253),
(69, 'Some', 245),
(70, 'Le Départ', 195),
(71, 'Agitations tropicales', 248),
(72, 'Parfum thérémine', 225),
(73, 'Odyssée', 275),
(74, 'La Lune (Acoustic)', 240),
(75, 'Épilogue', 180),
(76, 'Come Together', 259),
(77, 'Something', 182),
(78, 'Maxwell\'s Silver Hammer', 207),
(79, 'Oh! Darling', 207),
(80, 'Octopus\'s Garden', 171),
(81, 'I Want You (She\'s So Heavy)', 467),
(82, 'Here Comes the Sun', 185),
(83, 'Because', 165),
(84, 'You Never Give Me Your Money', 242),
(85, 'Sun King', 146),
(86, 'Mean Mr. Mustard', 66),
(87, 'Polythene Pam', 72),
(88, 'She Came in Through the Bathroom Window', 117),
(89, 'Golden Slumbers', 91),
(90, 'Carry That Weight', 96),
(91, 'The End', 141),
(92, 'Her Majesty', 23),
(93, 'Sgt. Pepper\'s Lonely Hearts Club Band', 122),
(94, 'With a Little Help from My Friends', 164),
(95, 'Lucy in the Sky with Diamonds', 208),
(96, 'Getting Better', 168),
(97, 'Fixing a Hole', 156),
(98, 'She\'s Leaving Home', 215),
(99, 'Being for the Benefit of Mr. Kite!', 157),
(100, 'Within You Without You', 305),
(101, 'When I\'m Sixty-Four', 157),
(102, 'Lovely Rita', 162),
(103, 'Good Morning Good Morning', 161),
(104, 'Sgt. Pepper\'s (Reprise)', 79),
(105, 'A Day in the Life', 333),
(106, 'Taxman', 158),
(107, 'Eleanor Rigby', 126),
(108, 'I\'m Only Sleeping', 180),
(109, 'Love You To', 179),
(110, 'Here, There and Everywhere', 145),
(111, 'Yellow Submarine', 158),
(112, 'She Said She Said', 156),
(113, 'Good Day Sunshine', 129),
(114, 'And Your Bird Can Sing', 120),
(115, 'For No One', 119),
(116, 'Doctor Robert', 134),
(117, 'I Want to Tell You', 149),
(118, 'Got to Get You into My Life', 149),
(119, 'Tomorrow Never Knows', 179),
(135, 'Nous aussi 2', 308),
(136, 'Plus tard', 205),
(137, 'Demain', 251),
(138, 'Rentrez chez vous !', 402),
(139, 'Bienvenue chez moi', 276),
(140, 'Maman', 316),
(141, 'La Seule', 339),
(142, 'Florian', 410),
(143, 'Ferme les yeux', 304),
(144, 'Rendez-vous là-haut', 211),
(145, 'Sur la lune', 234),
(146, 'C\'est que du rap', 377),
(147, 'Château de sable', 272),
(148, 'Il est où ton frère ?', 334),
(149, 'La vie de rêve', 383),
(150, 'La vie d\'après', 409),
(151, 'J\'étais pas là', 233),
(152, 'Bons élèves', 299),
(153, 'Booba', 233),
(154, 'Tant pis ou tant mieux', 213),
(155, 'Trust Myself', 206),
(156, 'Super héros', 271),
(157, 'Fan', 206),
(158, 'Coup de vieux', 233),
(159, 'Lili', 160),
(160, 'Une belle chanson', 222),
(161, 'Ça va beaucoup trop vite', 244),
(162, 'José et Amar', 273),
(163, 'Le son préféré de mes potes', 303),
(164, 'Sacré bordel', 268),
(165, 'Trèfle', 268),
(166, 'La familia', 227),
(167, 'Copier / Coller', 182),
(168, 'Les gens tristes', 193),
(169, 'Dernière', 204),
(170, 'Daftendirekt', 164),
(171, 'WDPK 83.7 FM', 28),
(172, 'Revolution 909', 326),
(173, 'Da Funk', 328),
(174, 'Phoenix', 295),
(175, 'Fresh', 243),
(176, 'Around the World', 429),
(177, 'Rollin\' & Scratchin\'', 446),
(178, 'Teachers', 172),
(179, 'High Fidelity', 360),
(180, 'Rock\'n Roll', 453),
(181, 'Oh Yeah', 120),
(182, 'Burnin\'', 413),
(183, 'Indo Silver Club', 272),
(184, 'Alive', 315),
(185, 'Funk Ad', 50),
(186, 'One More Time', 320),
(187, 'Aerodynamic', 207),
(188, 'Digital Love', 298),
(189, 'Harder, Better, Faster, Stronger', 224),
(190, 'Crescendolls', 211),
(191, 'Nightvision', 104),
(192, 'Superheroes', 237),
(193, 'High Life', 202),
(194, 'Something About Us', 231),
(195, 'Voyager', 227),
(196, 'Veridis Quo', 344),
(197, 'Short Circuit', 206),
(198, 'Face to Face', 240),
(199, 'Too Long', 600),
(200, 'Human After All', 319),
(201, 'The Prime Time of Your Life', 263),
(202, 'Robot Rock', 284),
(203, 'Steam Machine', 322),
(204, 'Make Love', 288),
(205, 'The Brainwasher', 248),
(206, 'On/Off', 19),
(207, 'Television Rules the Nation', 287),
(208, 'Technologic', 284),
(209, 'Emotion', 396),
(210, 'Give Life Back to Music', 274),
(211, 'The Game of Love', 322),
(212, 'Giorgio by Moroder', 544),
(213, 'Within', 228),
(214, 'Instant Crush', 337),
(215, 'Lose Yourself to Dance', 353),
(216, 'Touch', 498),
(217, 'Get Lucky', 369),
(218, 'Beyond', 290),
(219, 'Motherboard', 341),
(220, 'Fragments of Time', 279),
(221, 'Doin\' It Right', 251),
(222, 'Contact', 383),
(233, 'Shine On You Crazy Diamond (Pts. 1-5)', 810),
(234, 'Welcome to the Machine', 458),
(235, 'Have a Cigar', 308),
(236, 'Wish You Were Here', 334),
(237, 'Shine On You Crazy Diamond (Pts. 6-9)', 743),
(261, '!!!!!!!', 14),
(262, 'bad guy', 194),
(263, 'xanny', 244),
(264, 'you should see me in a crown', 181),
(265, 'all the good girls go to hell', 169),
(266, 'wish you were gay', 222),
(267, 'when the party\'s over', 196),
(268, '8', 173),
(269, 'my strange addiction', 180),
(270, 'bury a friend', 193),
(271, 'ilomilo', 156),
(272, 'listen before i go', 243),
(273, 'i love you', 292),
(274, 'goodbye', 119),
(275, 'Getting Older', 244),
(276, 'I Didn\'t Change My Number', 158),
(277, 'Billie Bossa Nova', 196),
(278, 'my future', 210),
(279, 'Oxytocin', 210),
(280, 'GOLDWING', 151),
(281, 'Lost Cause', 212),
(282, 'Halley\'s Comet', 234),
(283, 'Not My Responsibility', 227),
(284, 'OverHeated', 214),
(285, 'Everybody Dies', 206),
(286, 'Your Power', 245),
(287, 'NDA', 195),
(288, 'Therefore I Am', 174),
(289, 'Happier Than Ever', 298),
(290, 'Male Fantasy', 194),
(291, 'Skinny', 219),
(292, 'Lunch', 179),
(293, 'Chihiro', 303),
(294, 'Birds of a Feather', 210),
(295, 'Wildflower', 261),
(296, 'The Greatest', 293),
(297, 'L\'Amour de Ma Vie', 333),
(298, 'The Diner', 186),
(299, 'Bittersuite', 296),
(300, 'Blue', 343),
(301, 'Hells Bells', 310),
(302, 'Shoot to Thrill', 317),
(303, 'What Do You Do for Money Honey', 213),
(304, 'Givin the Dog a Bone', 210),
(305, 'Let Me Put My Love Into You', 256),
(306, 'Back in Black', 255),
(307, 'You Shook Me All Night Long', 210),
(308, 'Have a Drink on Me', 237),
(309, 'Shake a Leg', 246),
(310, 'Rock and Roll Ain\'t Noise Pollution', 252),
(311, 'Robot Rock / Oh Yeah', 380),
(312, 'Touch It / Technologic', 330),
(313, 'Television Rules the Nation / Crescendolls', 291),
(314, 'Too Long / Steam Machine', 422),
(315, 'Around the World / Harder, Better, Faster, Stronger', 343),
(316, 'Burnin\' / Too Long', 432),
(317, 'Face to Face / Short Circuit', 295),
(318, 'One More Time / Aerodynamic', 371),
(319, 'Aerodynamic Beats / Forget About the World', 212),
(320, 'The Prime Time of Your Life / The Brainwasher / Rollin\' & Scratchin\' / Alive', 623),
(321, 'Da Funk / Daftendirekt', 397),
(322, 'Superheroes / Human After All / Rock\'n Roll', 341),
(323, 'Human After All / Together / One More Time / Music Sounds Better With You', 599),
(324, 'Cosmogonie', 169),
(325, 'Amour Ex Machina', 243),
(326, 'Me Da Igual', 209),
(327, 'Love from the Other Side', 249),
(328, 'Danza Marilù', 244),
(329, 'Any Way', 309),
(330, 'Déjà-vue', 235),
(331, 'Girl!', 234),
(332, 'Sweet & Sublime', 285),
(333, 'Pulsar', 253),
(348, 'Le pacte', 268),
(349, 'Plus rien (feat. Lilas)', 209),
(350, 'Ailleurs', 192),
(351, 'Boss', 189),
(352, 'Deux et demi', 228),
(353, 'Osaka', 191),
(354, 'Encore une fois (feat. Yamê)', 181),
(355, 'Internet', 101),
(356, 'Dans quelques mois', 208),
(357, 'Oulalalala (feat. Fifty Fifty)', 162),
(358, 'Tellement d\'amis', 228),
(359, 'La petite voix', 242),
(360, 'Sama', 223),
(361, 'Soleil levant (feat. SDM)', 204),
(362, 'Les monstres', 191),
(363, 'Épiphanie', 267),
(364, 'Yoroï (feat. Thomas Bangalter)', 198),
(371, 'newTrack', 123),
(372, 'newTrack', 123),
(373, 'Scorpion ascendant scorpion (상승궁 전갈자리)', 131),
(374, 'Miki cowboy', 138),
(375, 'Échec et mat', 168),
(376, 'Motherlode', 174),
(377, 'Jtm encore', 233),
(378, 'Cartoon sex', 137),
(379, 'Héroïne', 246),
(380, 'Yes.', 245),
(381, 'Ça pik un peu quand même', 137),
(382, 'Particule', 180),
(383, 'Échec et mat', 169),
(384, 'Poly-Pocket', 183),
(385, 'Miki cowboy', 140),
(386, 'Roger Rabbit', 276),
(387, 'Switch switch', 176),
(388, 'Cartoon sex', 138),
(389, 'Hana one', 180),
(390, 'Jtm encore', 234),
(391, 'Hajima', 155),
(392, 'Bnf', 172),
(393, 'Aphexion', 189),
(394, 'Speak to Me', 90),
(395, 'Breathe (In the Air)', 163),
(396, 'On the Run', 216),
(397, 'Time', 413),
(398, 'The Great Gig in the Sky', 276),
(399, 'Money', 382),
(400, 'Us and Them', 462),
(401, 'Any Colour You Like', 205),
(402, 'Brain Damage', 228),
(403, 'Eclipse', 123);

-- --------------------------------------------------------

--
-- Structure de la table `USERS`
--

CREATE TABLE `USERS` (
  `id_user` int(11) NOT NULL,
  `username` varchar(100) NOT NULL,
  `email` varchar(150) NOT NULL,
  `password` varchar(255) NOT NULL
) ENGINE=InnoDB DEFAULT CHARSET=utf8mb4 COLLATE=utf8mb4_general_ci;

--
-- Déchargement des données de la table `USERS`
--

INSERT INTO `USERS` (`id_user`, `username`, `email`, `password`) VALUES
(2, 'remy', 'remy.eroes@iclous.com', '$2a$10$/bUS5xXsvkavu91/SKPbWOsGeAsDJdiv9gaWOzx6ApMb6Oe/PV/9C');

--
-- Index pour les tables déchargées
--

--
-- Index pour la table `ALBUMS`
--
ALTER TABLE `ALBUMS`
  ADD PRIMARY KEY (`id_album`);

--
-- Index pour la table `ARTISTS`
--
ALTER TABLE `ARTISTS`
  ADD PRIMARY KEY (`id_artist`);

--
-- Index pour la table `CLASSIFIES`
--
ALTER TABLE `CLASSIFIES`
  ADD PRIMARY KEY (`id_genre`,`id_track`),
  ADD KEY `id_track` (`id_track`);

--
-- Index pour la table `CONTAINS`
--
ALTER TABLE `CONTAINS`
  ADD PRIMARY KEY (`id_album`,`id_track`),
  ADD KEY `id_track` (`id_track`);

--
-- Index pour la table `CREATES`
--
ALTER TABLE `CREATES`
  ADD PRIMARY KEY (`id_artist`,`id_album`),
  ADD KEY `id_album` (`id_album`);

--
-- Index pour la table `GENRES`
--
ALTER TABLE `GENRES`
  ADD PRIMARY KEY (`id_genre`);

--
-- Index pour la table `PERFORMS`
--
ALTER TABLE `PERFORMS`
  ADD PRIMARY KEY (`id_artist`,`id_track`),
  ADD KEY `id_track` (`id_track`);

--
-- Index pour la table `PICTURES`
--
ALTER TABLE `PICTURES`
  ADD PRIMARY KEY (`id_picture`),
  ADD KEY `id_track` (`id_track`),
  ADD KEY `id_album` (`id_album`),
  ADD KEY `id_artist` (`id_artist`);

--
-- Index pour la table `TRACKS`
--
ALTER TABLE `TRACKS`
  ADD PRIMARY KEY (`id_track`);

--
-- Index pour la table `USERS`
--
ALTER TABLE `USERS`
  ADD PRIMARY KEY (`id_user`),
  ADD UNIQUE KEY `email` (`email`),
  ADD UNIQUE KEY `username` (`username`);

--
-- AUTO_INCREMENT pour les tables déchargées
--

--
-- AUTO_INCREMENT pour la table `ALBUMS`
--
ALTER TABLE `ALBUMS`
  MODIFY `id_album` int(11) NOT NULL AUTO_INCREMENT, AUTO_INCREMENT=33;

--
-- AUTO_INCREMENT pour la table `ARTISTS`
--
ALTER TABLE `ARTISTS`
  MODIFY `id_artist` int(11) NOT NULL AUTO_INCREMENT, AUTO_INCREMENT=26;

--
-- AUTO_INCREMENT pour la table `GENRES`
--
ALTER TABLE `GENRES`
  MODIFY `id_genre` int(11) NOT NULL AUTO_INCREMENT, AUTO_INCREMENT=10;

--
-- AUTO_INCREMENT pour la table `PICTURES`
--
ALTER TABLE `PICTURES`
  MODIFY `id_picture` int(11) NOT NULL AUTO_INCREMENT, AUTO_INCREMENT=37;

--
-- AUTO_INCREMENT pour la table `TRACKS`
--
ALTER TABLE `TRACKS`
  MODIFY `id_track` int(11) NOT NULL AUTO_INCREMENT, AUTO_INCREMENT=404;

--
-- AUTO_INCREMENT pour la table `USERS`
--
ALTER TABLE `USERS`
  MODIFY `id_user` int(11) NOT NULL AUTO_INCREMENT, AUTO_INCREMENT=3;

--
-- Contraintes pour les tables déchargées
--

--
-- Contraintes pour la table `CLASSIFIES`
--
ALTER TABLE `CLASSIFIES`
  ADD CONSTRAINT `fk_classifies_genre` FOREIGN KEY (`id_genre`) REFERENCES `GENRES` (`id_genre`) ON DELETE CASCADE,
  ADD CONSTRAINT `fk_classifies_track` FOREIGN KEY (`id_track`) REFERENCES `TRACKS` (`id_track`) ON DELETE CASCADE;

--
-- Contraintes pour la table `CONTAINS`
--
ALTER TABLE `CONTAINS`
  ADD CONSTRAINT `fk_contains_album` FOREIGN KEY (`id_album`) REFERENCES `ALBUMS` (`id_album`) ON DELETE CASCADE,
  ADD CONSTRAINT `fk_contains_track` FOREIGN KEY (`id_track`) REFERENCES `TRACKS` (`id_track`) ON DELETE CASCADE;

--
-- Contraintes pour la table `CREATES`
--
ALTER TABLE `CREATES`
  ADD CONSTRAINT `fk_creates_album` FOREIGN KEY (`id_album`) REFERENCES `ALBUMS` (`id_album`) ON DELETE CASCADE,
  ADD CONSTRAINT `fk_creates_artist` FOREIGN KEY (`id_artist`) REFERENCES `ARTISTS` (`id_artist`) ON DELETE CASCADE;

--
-- Contraintes pour la table `PERFORMS`
--
ALTER TABLE `PERFORMS`
  ADD CONSTRAINT `fk_performs_artist` FOREIGN KEY (`id_artist`) REFERENCES `ARTISTS` (`id_artist`) ON DELETE CASCADE,
  ADD CONSTRAINT `fk_performs_track` FOREIGN KEY (`id_track`) REFERENCES `TRACKS` (`id_track`) ON DELETE CASCADE;

--
-- Contraintes pour la table `PICTURES`
--
ALTER TABLE `PICTURES`
  ADD CONSTRAINT `fk_pictures_album` FOREIGN KEY (`id_album`) REFERENCES `ALBUMS` (`id_album`) ON DELETE CASCADE,
  ADD CONSTRAINT `fk_pictures_artist` FOREIGN KEY (`id_artist`) REFERENCES `ARTISTS` (`id_artist`) ON DELETE CASCADE,
  ADD CONSTRAINT `fk_pictures_track` FOREIGN KEY (`id_track`) REFERENCES `TRACKS` (`id_track`) ON DELETE CASCADE;
COMMIT;

/*!40101 SET CHARACTER_SET_CLIENT=@OLD_CHARACTER_SET_CLIENT */;
/*!40101 SET CHARACTER_SET_RESULTS=@OLD_CHARACTER_SET_RESULTS */;
/*!40101 SET COLLATION_CONNECTION=@OLD_COLLATION_CONNECTION */;
